<?xml version="1.0" encoding="UTF-8" standalone="no"?><TaskList Version="2.0"><Task Active="false" ConnectorKind="jira" CreationDate="2015-04-16 11:46:08.596 +0200" DueDate="" EndDate="" Estimated="0" Handle="https://jira.sdl.com-212587" IssueURL="https://jira.sdl.com/browse/SDLDOC-355" Key="SDLDOC-355" Kind="Sub-task" Label="DEV: Implement fixed-size media feature in latest Reach" MarkReadPending="false" ModificationDate="2015-04-24 17:28:17.176 +0200" Notes="" NotifiedIncoming="false" Owner="" Priority="P3" Reminded="false" RepositoryUrl="https://jira.sdl.com" Stale="false" TaskId="212587" offlineSyncState="INCOMING_NEW"><Attribute Key="task.common.rank">9223372036854775807</Attribute><Attribute Key="isSubtaskType">true</Attribute><Attribute Key="task.common.product">11653</Attribute></Task><Task Active="false" ConnectorKind="jira" CreationDate="2015-01-27 16:11:38.159 +0100" DueDate="" EndDate="" Estimated="0" Handle="https://jira.sdl.com-196794" IssueURL="https://jira.sdl.com/browse/SDLDOC-301" Key="SDLDOC-301" Kind="Bug" Label="Google searches for docs.sdl.com strings return strange result" MarkReadPending="false" ModificationDate="2015-02-24 23:39:44.519 +0100" Notes="" NotifiedIncoming="false" Owner="jvalk" Priority="P3" Reminded="false" RepositoryUrl="https://jira.sdl.com" Stale="false" TaskId="196794" offlineSyncState="INCOMING_NEW"><Attribute Key="task.common.rank">9223372036854775807</Attribute><Attribute Key="isSubtaskType">false</Attribute><Attribute Key="task.common.product">11653</Attribute></Task><Task Active="false" ConnectorKind="jira" CreationDate="2015-04-28 16:52:32.829 +0200" DueDate="" EndDate="" Estimated="0" Handle="https://jira.sdl.com-214525" IssueURL="https://jira.sdl.com/browse/LCD-5295" Key="LCD-5295" Kind="Bug" Label="SWF images are not loaded on IE11" MarkReadPending="false" ModificationDate="2015-04-28 16:57:54.490 +0200" Notes="" NotifiedIncoming="false" Owner="jvalk" Priority="P1" Reminded="false" RepositoryUrl="https://jira.sdl.com" Stale="false" TaskId="214525" offlineSyncState="INCOMING_NEW"><Attribute Key="task.common.rank">9223372036854775807</Attribute><Attribute Key="isSubtaskType">false</Attribute><Attribute Key="task.common.product">10656</Attribute></Task><Task Active="false" ConnectorKind="jira" CreationDate="2015-01-22 12:06:49.173 +0100" DueDate="" EndDate="" Estimated="0" Handle="https://jira.sdl.com-196036" IssueURL="https://jira.sdl.com/browse/SDLDOC-292" Key="SDLDOC-292" Kind="Story" Label="Investigate skin-based fix for SDLDOC-98: missing comment pane" MarkReadPending="false" ModificationDate="2015-04-16 17:30:40.233 +0200" Notes="" NotifiedIncoming="false" Owner="jvalk" Priority="P3" Reminded="false" RepositoryUrl="https://jira.sdl.com" Stale="false" TaskId="196036" offlineSyncState="INCOMING_NEW"><Attribute Key="task.common.rank">9223372036854775807</Attribute><Attribute Key="isSubtaskType">false</Attribute><Attribute Key="task.common.product">11653</Attribute></Task><Task Active="false" ConnectorKind="jira" CreationDate="2015-04-24 17:03:17.227 +0200" DueDate="" EndDate="" Estimated="0" Handle="https://jira.sdl.com-214106" IssueURL="https://jira.sdl.com/browse/SDLDOC-364" Key="SDLDOC-364" Kind="Sub-task" Label="Refactor window.onresize logic" MarkReadPending="false" ModificationDate="2015-04-24 17:03:48.688 +0200" Notes="" NotifiedIncoming="false" Owner="" Priority="P3" Reminded="false" RepositoryUrl="https://jira.sdl.com" Stale="false" TaskId="214106" offlineSyncState="INCOMING_NEW"><Attribute Key="task.common.rank">9223372036854775807</Attribute><Attribute Key="isSubtaskType">true</Attribute><Attribute Key="task.common.product">11653</Attribute></Task><Task Active="false" ConnectorKind="jira" CreationDate="2015-02-03 09:44:51.582 +0100" DueDate="" EndDate="" Estimated="0" Handle="https://jira.sdl.com-197843" IssueURL="https://jira.sdl.com/browse/SDLDOC-305" Key="SDLDOC-305" Kind="Bug" Label="Pub title in Reach does not update" MarkReadPending="false" ModificationDate="2015-03-25 13:55:54.646 +0100" Notes="" NotifiedIncoming="false" Owner="jvalk" Priority="P1" Reminded="false" RepositoryUrl="https://jira.sdl.com" Stale="false" TaskId="197843" offlineSyncState="INCOMING_NEW"><Attribute Key="task.common.rank">9223372036854775807</Attribute><Attribute Key="isSubtaskType">false</Attribute><Attribute Key="task.common.product">11653</Attribute></Task><Task Active="false" ConnectorKind="jira" CreationDate="2015-02-16 09:51:20.170 +0100" DueDate="" EndDate="" Estimated="0" Handle="https://jira.sdl.com-200242" IssueURL="https://jira.sdl.com/browse/SDLDOC-320" Key="SDLDOC-320" Kind="Bug" Label="docs.sdl.com shows username again, not filled-in name, even if it's not an email address" MarkReadPending="false" ModificationDate="2015-02-25 00:00:52.286 +0100" Notes="" NotifiedIncoming="false" Owner="jvalk" Priority="P3" Reminded="false" RepositoryUrl="https://jira.sdl.com" Stale="false" TaskId="200242" offlineSyncState="INCOMING_NEW"><Attribute Key="task.common.rank">9223372036854775807</Attribute><Attribute Key="isSubtaskType">false</Attribute><Attribute Key="task.common.product">11653</Attribute></Task><Task Active="false" ConnectorKind="jira" CreationDate="2014-11-05 10:07:03.702 +0100" DueDate="" EndDate="2014-11-06 14:06:19.707 +0100" Estimated="0" Handle="https://jira.sdl.com-185224" IssueURL="https://jira.sdl.com/browse/SDLDOC-185" Key="SDLDOC-185" Kind="Sub-task" Label="Remove text &quot;Your source to all SDL Help Content&quot;" MarkReadPending="false" ModificationDate="2014-11-06 14:06:19.707 +0100" Notes="" NotifiedIncoming="false" Owner="jvalk" Priority="P3" Reminded="false" RepositoryUrl="https://jira.sdl.com" Stale="false" TaskId="185224" offlineSyncState="INCOMING_NEW"><Attribute Key="task.common.rank">9223372036854775807</Attribute><Attribute Key="isSubtaskType">true</Attribute><Attribute Key="task.common.product">11653</Attribute></Task><Task Active="false" ConnectorKind="jira" CreationDate="2014-11-05 10:05:37.885 +0100" DueDate="" EndDate="2014-11-06 17:14:45.849 +0100" Estimated="0" Handle="https://jira.sdl.com-185223" IssueURL="https://jira.sdl.com/browse/SDLDOC-184" Key="SDLDOC-184" Kind="Sub-task" Label="Update in-publication top banner" MarkReadPending="false" ModificationDate="2014-11-06 17:14:45.849 +0100" Notes="" NotifiedIncoming="false" Owner="jvalk" Priority="P3" Reminded="false" RepositoryUrl="https://jira.sdl.com" Stale="false" TaskId="185223" offlineSyncState="INCOMING_NEW"><Attribute Key="task.common.rank">9223372036854775807</Attribute><Attribute Key="isSubtaskType">true</Attribute><Attribute Key="task.common.product">11653</Attribute></Task><Task Active="false" ConnectorKind="jira" CreationDate="2015-04-17 13:23:21.76 +0200" DueDate="" EndDate="2015-04-24 17:09:59.229 +0200" Estimated="0" Handle="https://jira.sdl.com-212781" IssueURL="https://jira.sdl.com/browse/SDLDOC-357" Key="SDLDOC-357" Kind="Sub-task" Label="DEV: Investigate workings of resizing the content pane" MarkReadPending="false" ModificationDate="2015-04-24 17:09:59.229 +0200" Notes="" NotifiedIncoming="false" Owner="jvalk" Priority="P3" Reminded="false" RepositoryUrl="https://jira.sdl.com" Stale="false" TaskId="212781" offlineSyncState="INCOMING_NEW"><Attribute Key="task.common.rank">9223372036854775807</Attribute><Attribute Key="isSubtaskType">true</Attribute><Attribute Key="task.common.product">11653</Attribute></Task><Task Active="false" ConnectorKind="jira" CreationDate="2015-04-21 12:00:41.105 +0200" DueDate="" EndDate="" Estimated="0" Handle="https://jira.sdl.com-213156" IssueURL="https://jira.sdl.com/browse/SDLDOC-359" Key="SDLDOC-359" Kind="Sub-task" Label="Remove loadToC from extensions.js" MarkReadPending="true" ModificationDate="2015-05-01 13:04:44.713 +0200" Notes="" NotifiedIncoming="false" Owner="jvalk" Priority="P3" Reminded="false" RepositoryUrl="https://jira.sdl.com" Stale="false" TaskId="213156" offlineSyncState="SYNCHRONIZED"><Attribute Key="task.common.rank">9223372036854775807</Attribute><Attribute Key="isSubtaskType">true</Attribute><Attribute Key="task.common.product">11653</Attribute></Task><Task Active="false" ConnectorKind="jira" CreationDate="2014-11-05 10:08:04.624 +0100" DueDate="" EndDate="2014-11-06 15:41:06.331 +0100" Estimated="0" Handle="https://jira.sdl.com-185227" IssueURL="https://jira.sdl.com/browse/SDLDOC-186" Key="SDLDOC-186" Kind="Sub-task" Label="Make the login button on the in-publication top banner the same as on the landing page" MarkReadPending="false" ModificationDate="2014-11-06 15:41:06.331 +0100" Notes="" NotifiedIncoming="false" Owner="jvalk" Priority="P3" Reminded="false" RepositoryUrl="https://jira.sdl.com" Stale="false" TaskId="185227" offlineSyncState="INCOMING_NEW"><Attribute Key="task.common.rank">9223372036854775807</Attribute><Attribute Key="isSubtaskType">true</Attribute><Attribute Key="task.common.product">11653</Attribute></Task><Task Active="false" ConnectorKind="jira" CreationDate="2015-04-21 12:02:51.48 +0200" DueDate="" EndDate="" Estimated="0" Handle="https://jira.sdl.com-213157" IssueURL="https://jira.sdl.com/browse/SDLDOC-360" Key="SDLDOC-360" Kind="Defect Task" Label="Fix the problem" MarkReadPending="false" ModificationDate="2015-04-21 12:07:23.153 +0200" Notes="" NotifiedIncoming="false" Owner="" Priority="P3" Reminded="false" RepositoryUrl="https://jira.sdl.com" Stale="false" TaskId="213157" offlineSyncState="INCOMING_NEW"><Attribute Key="task.common.rank">9223372036854775807</Attribute><Attribute Key="isSubtaskType">true</Attribute><Attribute Key="task.common.product">11653</Attribute></Task><Task Active="false" ConnectorKind="jira" CreationDate="2015-04-28 11:39:16.171 +0200" DueDate="" EndDate="" Estimated="0" Handle="https://jira.sdl.com-214382" IssueURL="https://jira.sdl.com/browse/SDLDOC-366" Key="SDLDOC-366" Kind="Sub-task" Label="Add CSS rule to extra.js" MarkReadPending="false" ModificationDate="2015-04-28 11:39:16.556 +0200" Notes="" NotifiedIncoming="false" Owner="" Priority="P3" Reminded="false" RepositoryUrl="https://jira.sdl.com" Stale="false" TaskId="214382" offlineSyncState="INCOMING_NEW"><Attribute Key="task.common.rank">9223372036854775807</Attribute><Attribute Key="isSubtaskType">true</Attribute><Attribute Key="task.common.product">11653</Attribute></Task><Task Active="false" ConnectorKind="jira" CreationDate="2015-04-10 12:43:23.541 +0200" DueDate="" EndDate="" Estimated="0" Handle="https://jira.sdl.com-211770" IssueURL="https://jira.sdl.com/browse/SDLDOC-353" Key="SDLDOC-353" Kind="Sub-task" Label="Groom this story" MarkReadPending="false" ModificationDate="2015-04-17 11:36:11.348 +0200" Notes="" NotifiedIncoming="false" Owner="" Priority="P3" Reminded="false" RepositoryUrl="https://jira.sdl.com" Stale="false" TaskId="211770" offlineSyncState="INCOMING_NEW"><Attribute Key="task.common.rank">9223372036854775807</Attribute><Attribute Key="isSubtaskType">true</Attribute><Attribute Key="task.common.product">11653</Attribute></Task><Task Active="false" ConnectorKind="jira" CreationDate="2015-01-20 11:59:57.679 +0100" DueDate="" EndDate="" Estimated="0" Handle="https://jira.sdl.com-195592" IssueURL="https://jira.sdl.com/browse/SDLDOC-283" Key="SDLDOC-283" Kind="Sub-task" Label="Comment stream not shown on initial front page" MarkReadPending="false" ModificationDate="2015-01-21 10:28:48.752 +0100" Notes="" NotifiedIncoming="false" Owner="jvalk" Priority="P3" Reminded="false" RepositoryUrl="https://jira.sdl.com" Stale="false" TaskId="195592" offlineSyncState="INCOMING_NEW"><Attribute Key="task.common.rank">9223372036854775807</Attribute><Attribute Key="isSubtaskType">true</Attribute><Attribute Key="task.common.product">11653</Attribute></Task><Task Active="false" ConnectorKind="jira" CreationDate="2015-04-09 14:51:22.432 +0200" DueDate="" EndDate="" Estimated="0" Handle="https://jira.sdl.com-211587" IssueURL="https://jira.sdl.com/browse/SDLDOC-348" Key="SDLDOC-348" Kind="Bug" Label="Cannot add item to product family SDL Tridion, version 2011SP1, on DEV" MarkReadPending="false" ModificationDate="2015-04-28 11:20:03.655 +0200" Notes="" NotifiedIncoming="false" Owner="jvalk" Priority="P3" Reminded="false" RepositoryUrl="https://jira.sdl.com" Stale="false" TaskId="211587" offlineSyncState="INCOMING_NEW"><Attribute Key="task.common.rank">9223372036854775807</Attribute><Attribute Key="isSubtaskType">false</Attribute><Attribute Key="task.common.product">11653</Attribute><SubTask Handle="https://jira.sdl.com-213157"/><SubTask Handle="https://jira.sdl.com-213845"/></Task><Task Active="false" ConnectorKind="jira" CreationDate="2015-04-23 15:14:53.777 +0200" DueDate="" EndDate="" Estimated="0" Handle="https://jira.sdl.com-213845" IssueURL="https://jira.sdl.com/browse/SDLDOC-362" Key="SDLDOC-362" Kind="Defect Task" Label="Use the reserved product_type field" MarkReadPending="false" ModificationDate="2015-04-23 15:15:40.417 +0200" Notes="" NotifiedIncoming="false" Owner="" Priority="P3" Reminded="false" RepositoryUrl="https://jira.sdl.com" Stale="false" TaskId="213845" offlineSyncState="INCOMING_NEW"><Attribute Key="task.common.rank">9223372036854775807</Attribute><Attribute Key="isSubtaskType">true</Attribute><Attribute Key="task.common.product">11653</Attribute></Task><Task Active="false" ConnectorKind="jira" CreationDate="2015-04-17 13:02:02.499 +0200" DueDate="" EndDate="" Estimated="0" Handle="https://jira.sdl.com-212775" IssueURL="https://jira.sdl.com/browse/SDLDOC-356" Key="SDLDOC-356" Kind="Sub-task" Label="DOC: add acceptance criterion 1 to Reach documentation" MarkReadPending="false" ModificationDate="2015-04-17 13:02:48.788 +0200" Notes="" NotifiedIncoming="false" Owner="" Priority="P3" Reminded="false" RepositoryUrl="https://jira.sdl.com" Stale="false" TaskId="212775" offlineSyncState="INCOMING_NEW"><Attribute Key="task.common.rank">9223372036854775807</Attribute><Attribute Key="isSubtaskType">true</Attribute><Attribute Key="task.common.product">11653</Attribute></Task><Task Active="false" ConnectorKind="jira" CreationDate="2015-02-24 10:59:03.599 +0100" DueDate="" EndDate="" Estimated="0" Handle="https://jira.sdl.com-202177" IssueURL="https://jira.sdl.com/browse/LCD-5143" Key="LCD-5143" Kind="Bug" Label="Provide clarification on key/value searches" MarkReadPending="false" ModificationDate="2015-04-09 14:00:15.161 +0200" Notes="" NotifiedIncoming="false" Owner="jvalk" Priority="P3" Reminded="false" RepositoryUrl="https://jira.sdl.com" Stale="false" TaskId="202177" offlineSyncState="INCOMING_NEW"><Attribute Key="task.common.rank">9223372036854775807</Attribute><Attribute Key="isSubtaskType">false</Attribute><Attribute Key="task.common.product">10656</Attribute></Task><Task Active="false" ConnectorKind="jira" CreationDate="2014-11-20 10:06:56.230 +0100" DueDate="" EndDate="" Estimated="0" Handle="https://jira.sdl.com-187455" IssueURL="https://jira.sdl.com/browse/SDLDOC-212" Key="SDLDOC-212" Kind="Bug" Label="&quot;Personalize Content&quot; option does not appear on personalizable page when selecting new skin" MarkReadPending="false" ModificationDate="2015-04-28 11:19:50.274 +0200" Notes="" NotifiedIncoming="false" Owner="jvalk" Priority="P1" Reminded="false" RepositoryUrl="https://jira.sdl.com" ScheduledEndDate="2015-05-01 23:59:59.999 +0200" ScheduledStartDate="2015-05-01 00:00:00.0 +0200" Stale="false" TaskId="187455" offlineSyncState="INCOMING_NEW"><Attribute Key="task.common.rank">9223372036854775807</Attribute><Attribute Key="isSubtaskType">false</Attribute><Attribute Key="task.common.product">11653</Attribute><SubTask Handle="https://jira.sdl.com-213156"/></Task><Task Active="false" ConnectorKind="jira" CreationDate="2014-11-20 17:31:27.693 +0100" DueDate="" EndDate="" Estimated="0" Handle="https://jira.sdl.com-187676" IssueURL="https://jira.sdl.com/browse/SDLDOC-227" Key="SDLDOC-227" Kind="Bug" Label="Imagemap clickable areas don't match what you see on the screen" MarkReadPending="false" ModificationDate="2015-04-28 11:17:14.834 +0200" Notes="" NotifiedIncoming="false" Owner="jvalk" Priority="P3" Reminded="false" RepositoryUrl="https://jira.sdl.com" Stale="false" TaskId="187676" offlineSyncState="INCOMING_NEW"><Attribute Key="task.common.rank">9223372036854775807</Attribute><Attribute Key="isSubtaskType">false</Attribute><Attribute Key="task.common.product">11653</Attribute><SubTask Handle="https://jira.sdl.com-211770"/><SubTask Handle="https://jira.sdl.com-212587"/><SubTask Handle="https://jira.sdl.com-212775"/><SubTask Handle="https://jira.sdl.com-212781"/><SubTask Handle="https://jira.sdl.com-213683"/><SubTask Handle="https://jira.sdl.com-214106"/></Task><Task Active="false" ConnectorKind="jira" CreationDate="2015-02-12 12:09:38.299 +0100" DueDate="" EndDate="" Estimated="0" Handle="https://jira.sdl.com-199908" IssueURL="https://jira.sdl.com/browse/SDLDOC-319" Key="SDLDOC-319" Kind="Bug" Label="IE11 pops up warning and shows top (pub node) on Reach internal" MarkReadPending="false" ModificationDate="2015-03-25 13:47:53.867 +0100" Notes="" NotifiedIncoming="false" Owner="jvalk" Priority="P3" Reminded="false" RepositoryUrl="https://jira.sdl.com" Stale="false" TaskId="199908" offlineSyncState="INCOMING_NEW"><Attribute Key="task.common.rank">9223372036854775807</Attribute><Attribute Key="isSubtaskType">false</Attribute><Attribute Key="task.common.product">11653</Attribute></Task><Task Active="false" ConnectorKind="jira" CreationDate="2014-11-05 10:00:13.22 +0100" DueDate="" EndDate="2014-11-06 14:04:28.863 +0100" Estimated="0" Handle="https://jira.sdl.com-185214" IssueURL="https://jira.sdl.com/browse/SDLDOC-180" Key="SDLDOC-180" Kind="Sub-task" Label="Remove Language option from top banner" MarkReadPending="false" ModificationDate="2014-11-06 14:04:28.863 +0100" Notes="" NotifiedIncoming="false" Owner="jvalk" Priority="P3" Reminded="false" RepositoryUrl="https://jira.sdl.com" Stale="false" TaskId="185214" offlineSyncState="INCOMING_NEW"><Attribute Key="task.common.rank">9223372036854775807</Attribute><Attribute Key="isSubtaskType">true</Attribute><Attribute Key="task.common.product">11653</Attribute></Task><Task Active="false" ConnectorKind="jira" CreationDate="2014-11-05 10:02:41.112 +0100" DueDate="" EndDate="2014-11-06 15:54:33.617 +0100" Estimated="0" Handle="https://jira.sdl.com-185218" IssueURL="https://jira.sdl.com/browse/SDLDOC-182" Key="SDLDOC-182" Kind="Sub-task" Label="Remove Search from in-publication top banner" MarkReadPending="false" ModificationDate="2014-11-06 15:54:33.617 +0100" Notes="" NotifiedIncoming="false" Owner="jvalk" Priority="P3" Reminded="false" RepositoryUrl="https://jira.sdl.com" Stale="false" TaskId="185218" offlineSyncState="INCOMING_NEW"><Attribute Key="task.common.rank">9223372036854775807</Attribute><Attribute Key="isSubtaskType">true</Attribute><Attribute Key="task.common.product">11653</Attribute></Task><Task Active="false" ConnectorKind="jira" CreationDate="2015-04-23 10:17:11.456 +0200" DueDate="" EndDate="2015-04-23 11:20:48.579 +0200" Estimated="0" Handle="https://jira.sdl.com-213683" IssueURL="https://jira.sdl.com/browse/SDLDOC-361" Key="SDLDOC-361" Kind="Sub-task" Label="Change directory structure in doc-skins artifact" MarkReadPending="false" ModificationDate="2015-04-23 11:20:48.579 +0200" Notes="" NotifiedIncoming="false" Owner="jvalk" Priority="P3" Reminded="false" RepositoryUrl="https://jira.sdl.com" Stale="false" TaskId="213683" offlineSyncState="INCOMING_NEW"><Attribute Key="task.common.rank">9223372036854775807</Attribute><Attribute Key="isSubtaskType">true</Attribute><Attribute Key="task.common.product">11653</Attribute></Task><Task Active="false" ConnectorKind="jira" CreationDate="2015-04-15 16:46:22.972 +0200" DueDate="" EndDate="" Estimated="0" Handle="https://jira.sdl.com-212474" IssueURL="https://jira.sdl.com/browse/SDLDOC-354" Key="SDLDOC-354" Kind="Bug" Label="Table headers are only bold, should be distinguishable from table cell with bold content" MarkReadPending="false" ModificationDate="2015-04-28 11:22:31.941 +0200" Notes="" NotifiedIncoming="false" Owner="jvalk" Priority="P3" Reminded="false" RepositoryUrl="https://jira.sdl.com" Stale="false" TaskId="212474" offlineSyncState="INCOMING_NEW"><Attribute Key="task.common.rank">9223372036854775807</Attribute><Attribute Key="isSubtaskType">false</Attribute><Attribute Key="task.common.product">11653</Attribute><SubTask Handle="https://jira.sdl.com-214382"/></Task><Task Active="false" ConnectorKind="jira" CreationDate="2015-04-29 15:10:52.172 +0200" DueDate="" EndDate="" Estimated="0" Handle="https://jira.sdl.com-214697" IssueURL="https://jira.sdl.com/browse/LCD-5299" Key="LCD-5299" Kind="Bug" Label="PDF formatting is incorrect" MarkReadPending="true" ModificationDate="2015-05-01 18:17:23.793 +0200" Notes="" NotifiedIncoming="false" Owner="jvalk" Priority="P3" Reminded="false" RepositoryUrl="https://jira.sdl.com" ScheduledEndDate="2015-05-01 23:59:59.999 +0200" ScheduledStartDate="2015-05-01 00:00:00.0 +0200" Stale="false" TaskId="214697" offlineSyncState="SYNCHRONIZED"><Attribute Key="task.common.rank">9223372036854775807</Attribute><Attribute Key="isSubtaskType">false</Attribute><Attribute Key="task.common.product">10656</Attribute></Task><Task Active="false" ConnectorKind="jira" CreationDate="2014-11-05 10:03:14.852 +0100" DueDate="" EndDate="2014-11-06 15:49:10.882 +0100" Estimated="0" Handle="https://jira.sdl.com-185219" IssueURL="https://jira.sdl.com/browse/SDLDOC-183" Key="SDLDOC-183" Kind="Sub-task" Label="Remove ? (Help) button from top banner" MarkReadPending="false" ModificationDate="2014-11-06 15:49:10.882 +0100" Notes="" NotifiedIncoming="false" Owner="jvalk" Priority="P3" Reminded="false" RepositoryUrl="https://jira.sdl.com" Stale="false" TaskId="185219" offlineSyncState="INCOMING_NEW"><Attribute Key="task.common.rank">9223372036854775807</Attribute><Attribute Key="isSubtaskType">true</Attribute><Attribute Key="task.common.product">11653</Attribute></Task><TaskCategory Handle="Uncategorized" Name="Uncategorized"/><Query ConnectorKind="jira" Handle="handle-2" LastRefreshTimeStamp="mei 1, 18:30:56" Name="Assigned to me (SCT - LiveContent DITA)" QueryString="https://jira.sdl.com/issues/?jql=project+in+%28%22LCD%22%29+AND+resolution+in+%28Unresolved%29+AND+assignee+in+%28currentUser%28%29%29+" RepositoryUrl="https://jira.sdl.com"><Attribute Key="FilterCustomUrl">https://jira.sdl.com/secure/IssueNavigator.jspa?mode=hide&amp;reset=true&amp;pid=10656&amp;resolution=-1&amp;assigneeSelect=issue_current_user</Attribute><Attribute Key="FilterCustomJqlUrl">https://jira.sdl.com/issues/?jql=project+in+%28%22LCD%22%29+AND+resolution+in+%28Unresolved%29+AND+assignee+in+%28currentUser%28%29%29+</Attribute><QueryHit Handle="https://jira.sdl.com-214697"/><QueryHit Handle="https://jira.sdl.com-214525"/><QueryHit Handle="https://jira.sdl.com-202177"/></Query><Query ConnectorKind="jira" Handle="handle-1" LastRefreshTimeStamp="mei 1, 18:31:00" Name="Assigned to me (SDL Documentation)" QueryString="https://jira.sdl.com/issues/?jql=project+in+%28%22SDLDOC%22%29+AND+resolution+in+%28Unresolved%29+AND+assignee+in+%28currentUser%28%29%29+" RepositoryUrl="https://jira.sdl.com"><Attribute Key="FilterCustomUrl">https://jira.sdl.com/secure/IssueNavigator.jspa?mode=hide&amp;reset=true&amp;pid=11653&amp;resolution=-1&amp;assigneeSelect=issue_current_user</Attribute><Attribute Key="FilterCustomJqlUrl">https://jira.sdl.com/issues/?jql=project+in+%28%22SDLDOC%22%29+AND+resolution+in+%28Unresolved%29+AND+assignee+in+%28currentUser%28%29%29+</Attribute><QueryHit Handle="https://jira.sdl.com-213156"/><QueryHit Handle="https://jira.sdl.com-212474"/><QueryHit Handle="https://jira.sdl.com-211587"/><QueryHit Handle="https://jira.sdl.com-200242"/><QueryHit Handle="https://jira.sdl.com-199908"/><QueryHit Handle="https://jira.sdl.com-197843"/><QueryHit Handle="https://jira.sdl.com-196794"/><QueryHit Handle="https://jira.sdl.com-196036"/><QueryHit Handle="https://jira.sdl.com-195592"/><QueryHit Handle="https://jira.sdl.com-187676"/><QueryHit Handle="https://jira.sdl.com-187455"/><QueryHit Handle="https://jira.sdl.com-185227"/><QueryHit Handle="https://jira.sdl.com-185224"/><QueryHit Handle="https://jira.sdl.com-185223"/><QueryHit Handle="https://jira.sdl.com-185219"/><QueryHit Handle="https://jira.sdl.com-185218"/><QueryHit Handle="https://jira.sdl.com-185214"/></Query></TaskList>