<?xml version="1.0" encoding="UTF-8" standalone="no"?><TaskList Version="2.0"><Task Active="false" ConnectorKind="local" CreationDate="2014-10-27 13:44:36.30 +0100" DueDate="" EndDate="" Estimated="0" Handle="local-1" IssueURL="" Kind="task" Label="Grunt start does not work if 'dist' directory has not been created" LastModified="now" MarkReadPending="false" ModificationDate="" Notes="" NotifiedIncoming="true" Owner="local" Priority="P3" Reminded="false" RepositoryUrl="local" ScheduledEndDate="2014-11-02 23:59:59.999 +0100" ScheduledStartDate="2014-10-27 00:00:00.0 +0100" Stale="false" TaskId="1" offlineSyncState="SYNCHRONIZED"/><Task Active="false" ConnectorKind="local" CreationDate="2014-10-27 15:32:14.779 +0100" DueDate="" EndDate="" Estimated="0" Handle="local-3" IssueURL="" Kind="task" Label="Build lifecycle and TDD" LastModified="now" MarkReadPending="false" ModificationDate="" Notes="The current Grunt setup focusses on doing TDD with Jasmine and starting a webserver.&#13;&#10;More scenarios need to be considered: for example of you have no Jasmine spec file you get an error, but maybe you have browser tests only.&#13;&#10;Also considering offering a CI mode where all Javascript is verified (on initialize?) and unit tests are run (on test?).&#13;&#10;Also the task 'server:node' should be named something like 'test:jasmine'.&#13;&#10;" NotifiedIncoming="true" Owner="local" Priority="P3" Reminded="false" RepositoryUrl="local" ScheduledEndDate="2014-11-02 23:59:59.999 +0100" ScheduledStartDate="2014-10-27 00:00:00.0 +0100" Stale="false" TaskId="3" offlineSyncState="SYNCHRONIZED"/><Task Active="false" ConnectorKind="local" CreationDate="2014-10-27 14:20:36.971 +0100" DueDate="" EndDate="" Estimated="0" Handle="local-2" IssueURL="" Kind="task" Label="JSHint builder is not running" LastModified="now" MarkReadPending="false" ModificationDate="" Notes="With switching to VJET for editing, we now are missing the JSHint integration that came with Nodeclipse.&#13;&#10;Look into how to combine this with the VJET editor and/or how to do syntax checking on 'grunt initialize'." NotifiedIncoming="true" Owner="local" Priority="P3" Reminded="false" RepositoryUrl="local" ScheduledEndDate="2014-11-02 23:59:59.999 +0100" ScheduledStartDate="2014-10-27 00:00:00.0 +0100" Stale="false" TaskId="2" offlineSyncState="SYNCHRONIZED"/><TaskCategory Handle="handle-1" Name="Defects"><TaskReference Handle="local-1"/><TaskReference Handle="local-2"/><TaskReference Handle="local-3"/></TaskCategory><TaskCategory Handle="Uncategorized" Name="Uncategorized"/></TaskList>